7.2349816946371e-06	0.00015861947031226
5.69274934882835e-05	2.39096779768578e-05
3.10812219450285e-05	0.000178414434181829
0.000112705744792091	0.000278002809384699
5.76869416136117e-05	0.000173638178140944
-1.07161889841653e-05	0.000171349859701054
8.35982532994154e-05	9.02547601471468e-05
-6.62911628545935e-05	0.000187625143030847
-1.61909281957684e-06	0.000149872909053179
-8.67226883942557e-06	0.000222172679762365
-1.21384352629198e-05	0.000267884057610324
8.84105897941457e-05	0.000227552568259456
-2.19360186101254e-05	0.000223894145021112
7.30421411412673e-06	0.000224379625679421
-5.18569079344917e-06	0.000188258501720505
-0.000121279827364207	0.000295104469425296
8.01353222936541e-05	2.42806814688094e-05
8.02756866946028e-05	0.000222448857478266
-5.73061156979064e-05	0.000200402990429164
-7.79225268759985e-05	0.00030121997342975
5.11584292675192e-05	5.09158873398422e-05
-9.01230270312106e-05	0.000295111002629969
2.07586106296449e-05	0.000196264249118338
-5.89445356009905e-05	0.000298267147692504
-4.20133567717543e-05	0.000215415198543991
-0.00013812285111958	0.000334084245117937
1.12699485247653e-05	0.00029717197780643
4.68699597246818e-05	0.000281422226267393
-5.24420825316891e-05	0.000211473569764802
2.86259807781123e-05	0.000219198990701727
-5.84328152791655e-05	0.00032133547016643
-2.51134213307511e-05	0.000338515331558143
-1.68837318135117e-05	0.000240965294999469
-0.000201950698023238	0.000269509885873883
1.12831019897119e-05	0.000380764984878918
-5.34266978549542e-05	0.000128361485815798
-0.000134142521714184	0.000274498854957413
-0.000172011371800712	0.000296802083951449
1.4649882904649e-05	8.64526586703399e-05
7.26449320225653e-05	0.000249892409053836
3.01299980491122e-05	0.000390030918469868
4.56003823872372e-05	0.000221146900134189
3.55606791705671e-05	0.000195982216486453
6.06459032281369e-05	0.000258510313818457
1.07924865284661e-06	0.000243063992321132
4.63873657231305e-05	0.000256380163796829
2.2074326838496e-05	0.000225879560401661
-7.15664086809196e-05	0.000300315387140134
6.47643353573797e-05	6.18941550546951e-05
-1.81791129172536e-05	0.000123616298720778
9.37579489850372e-06	0.000132630818780425
2.25710450401688e-05	0.000312974121778678
-2.29624955737032e-05	0.000159607879450174
-5.19210340910699e-05	0.000138129558786182
1.22765127924842e-05	0.000182807667368211
5.17028899103701e-05	4.63261655066909e-05
-3.10832248941543e-05	0.000200887404302133
7.92824993730802e-06	0.00026548656879737
7.75753524321798e-05	3.53596656873531e-05
-5.40964094236471e-05	0.000323960724377734
5.12083228898536e-05	0.000249386197567557
5.25643476574365e-05	0.000217321273542585
4.32208336087479e-05	0.000158987889158857
4.09172371552856e-05	6.95180423037918e-05
-7.05200060308074e-05	0.000286335029294775
-2.38752511291554e-05	0.000299635974947079
-0.000115778530715474	0.000323808496350805
5.66124134836391e-05	8.40416293131248e-05
-5.92659194485292e-05	0.000296538032611504
-0.00016225387099406	0.000292489163445214
3.39619043158916e-05	0.000387562238061601
-7.41532209502654e-05	0.000262039158076594
-1.64269226275481e-05	0.000125011855656287
9.55693121077997e-05	4.83804317803109e-05
6.49429856624464e-05	2.19931599179736e-05
3.05330790976092e-06	7.4470764593513e-05
-0.00020908795480846	0.000345826459047727
-0.00011586580872174	0.000268789113369362
-1.33870805693365e-05	0.00010820328849174
9.61103066175248e-05	0.000283958081581524
-1.56547958929608e-05	0.000154751219837774
-0.000138440867898336	0.00024539204592452
-6.59619425345984e-05	0.000160425126448164
-3.28133256978169e-05	0.000271030082792836
-0.000142329382468048	0.000196470101219177
0.000126529137622844	0.00016475574359296
4.24584512874241e-06	9.03884456846898e-05
8.07279227132214e-05	5.59596164507895e-05
-3.57093777857632e-05	0.000333107852099284
8.59241973382389e-05	0.000207451347586525
-4.82479287807078e-05	0.000249681162439569
8.63088528195622e-05	8.95643727413704e-05
0.000107656887580065	0.000148425703858211
-0.000141116471298566	0.000282872624114674
-0.000159135357187522	0.00023640684785712
-0.000121661314541617	0.00024590939062403
3.73819999624024e-05	3.35637863006653e-05
3.83744872212616e-05	4.54212787597128e-05
-0.000131579670770477	0.000213737227046927
6.33633631454576e-05	4.30154721471163e-05
6.04703657840108e-05	4.42542564455381e-05
5.35525048789123e-05	4.48184077966287e-05
-1.8256927468911e-05	0.0002035850151164
2.61520820726082e-05	0.000245666833139467
5.79220639755579e-05	4.30448389922133e-05
7.59943794378384e-06	0.000244659817442124
6.86635213307822e-05	6.02025719523011e-05
5.02240319465676e-06	8.99194766171206e-05
-2.44444013526346e-05	0.000208321733109023
1.38033922021421e-05	0.000136822649770436
4.43993783197705e-05	7.68776140294932e-05
6.93584132993025e-05	6.61451654159867e-05
1.27391487976202e-05	0.00010441801833057
-8.11574824121925e-06	7.76569121604687e-05
6.65486498860828e-05	1.42113294412926e-05
5.39414545727066e-05	7.4692534612042e-05
6.46942736598234e-06	7.88028232341923e-05
-0.000163277911731996	0.000176935291600188
5.57292499851121e-05	5.99159050150086e-05
5.32098349196129e-05	5.75475277418954e-05
2.95452790866979e-05	7.84302941897473e-05
8.61997550371706e-05	6.97282059360797e-05
-3.84700176680664e-05	8.36803319325936e-05
-7.54935565453013e-05	0.00020076279520479
7.59936555059533e-05	5.3886504435984e-05
-1.15167976431786e-05	0.000316147404156056
-1.45377524410307e-05	0.000290458419795704
1.54574345982585e-05	7.07352063049468e-05
3.98254558995915e-05	0.0003417490927932
-4.35143268021194e-05	0.000266812999212506
7.83674889329018e-05	5.09832644367473e-05
7.54164524459796e-05	4.76077140777533e-05
1.76352615197897e-05	8.63667338184805e-05
0.000113401953286255	0.000287352803051107
2.91472963985175e-05	0.000173411818350317
1.45664457938348e-05	0.000179644510593589
7.12148258364422e-05	3.92869421546405e-05
-8.48936503250172e-05	0.000299069832251471
-9.0065800329646e-05	0.000244913800402211
5.53065697526574e-05	7.0883141588753e-05
5.38509725419488e-05	9.00397692700013e-05
2.50970528571646e-05	0.0001575512621736
-2.78918707047611e-05	0.000288550759065053
-6.65921662484354e-05	0.000251526390314903
7.44159444670684e-05	3.10489566466139e-05
3.39738526713741e-05	2.12578350866731e-05
4.47403743007446e-06	0.000310683354478392
5.81704612177711e-05	0.000164935489218361
8.29704742515792e-05	-7.31596841031973e-06
-2.04821140670009e-05	0.000273177702905218
6.17655317720071e-05	2.88566496759373e-05
9.80370363743302e-05	2.42474327449137e-05
-1.3851338479358e-05	0.000282754518267099
4.56874914995259e-05	4.35775625736358e-05
6.70834340186649e-05	0.000128583516992172
6.48758097538319e-05	0.000261237804100684
1.36093693616246e-05	0.000270533770104475
4.73386548792344e-05	0.000248788285711338
5.3890584330606e-05	0.000205836760476765
-9.04094935150527e-05	0.000190235041174051
-5.83366798887899e-05	0.000195604085662532
-7.46970982106613e-05	0.000309609078992598
7.70394802308521e-06	9.07969977544401e-05
2.73810922451735e-05	0.000128489512675313
3.25532622640809e-05	0.000296232006867336
-7.39460229073141e-05	0.00026185204613427
-0.000138642670074298	0.00021966304712882
2.60990285513414e-05	0.000241837743218254
-0.000153457277339108	0.000318792716701438
-1.20039232092584e-05	0.000286049907003386
-7.31348967906053e-05	0.000190750602062095
3.61254812712285e-05	8.6405777525945e-05
-8.69884242629983e-05	0.000212039419796655
6.07970038755245e-05	5.27977754024037e-05
-5.54150084425089e-06	0.000220142144082974
6.59893644520221e-05	1.16868336403483e-05
5.49694611305889e-05	7.88946954829147e-05
-0.000102876701965427	0.000241317952519402
5.29911939963079e-05	3.90967070127317e-05
-5.9546516000319e-05	0.000226556362343856
9.97266597005719e-05	-3.25665907527535e-06
6.81846803845927e-05	4.78341326081308e-05
6.85802612395289e-05	5.03350549196573e-05
5.88295785108709e-05	6.79390857738432e-05
-9.26751817414616e-05	0.000199456840600816
3.91031966018004e-05	4.51589534079759e-05
2.37518069782581e-05	3.10986477036173e-05
5.91770922011642e-05	6.91701525786407e-05
-0.000151631320996566	0.000365576333901275
2.33755622050522e-05	0.000157243113801785
3.10126531155323e-05	9.12806411507165e-05
-0.00010084938744766	0.000200911973898207
8.26498170040788e-05	7.49310038963744e-05
4.83235996253205e-05	0.000188863964235753
6.24544825713954e-05	0.000200322767705299
5.78585232332875e-05	5.79930334919194e-05
2.17335467679214e-05	6.88211460721511e-05
4.76515413186529e-05	5.7070314309795e-05
4.39393636262005e-05	0.000265070834886962
5.98417443365846e-05	7.35213481977644e-05
4.69510419666529e-05	8.07728254899747e-05
4.92732857219962e-05	9.12454476515077e-05
5.58879509232671e-06	0.000160480539989638
2.65568003731969e-05	4.88437492075983e-05
2.89771714750605e-05	8.02677251872705e-05
2.09939823113227e-05	6.86853008857716e-05
8.13336437587322e-05	2.72295197813797e-05
3.25112370289638e-05	7.18004184660243e-05
4.39239747632777e-05	8.27747603843979e-05
4.70540141596655e-05	7.19256673423869e-05
6.34912480890025e-06	0.000129182699502145
-6.81607963553221e-05	0.000332751111438268
-6.74470736636081e-05	0.000248194941711526
-0.000156192807779184	0.000179250240115189
9.42738777360069e-05	4.36826776611982e-05
-7.97607245545928e-05	0.000209820945056812
6.36109082001758e-05	7.41236556155017e-05
4.8516262153221e-05	5.18011521982648e-05
-9.33738015676369e-05	0.000241677954041321
-5.34492855083722e-07	0.00014212660530365
-2.48740189178243e-05	0.000246720399534869
5.59166216928979e-05	4.91665910268904e-05
-3.88401175032299e-05	0.000129586250637144
2.80112361034497e-05	8.29884115946291e-05
6.52727639506632e-05	8.85390584896092e-05
4.73268858273365e-05	8.3090247427237e-05
2.6385326887176e-05	4.64419576905282e-05
4.12442519941071e-05	7.97855525862385e-05
-5.4003603570879e-06	0.000170281355227259
-1.84677745462851e-05	0.000180830073930763
4.94234063600444e-05	6.83000170885844e-05
3.02648378612484e-05	7.77018552706239e-05
5.73978847947211e-05	5.85246084003325e-05
-1.09723641697345e-05	0.000264109759823649
9.2091820769651e-05	1.98279904684384e-05
3.18799250294071e-05	9.3677298327644e-05
-4.20709954785437e-05	0.000350089737958649
5.95851894911563e-05	3.70242087465697e-05
6.10035209337726e-05	3.03265572493975e-05
7.04031722082429e-05	4.2532268936436e-05
-3.69190153049093e-05	0.000225443681401163
1.39741654685269e-05	7.90561508430577e-05
4.09764843536141e-05	4.40046780409331e-05
1.17910773414332e-06	6.92540031522773e-05
-8.17851089352493e-06	0.000301616503360844
5.25592757839874e-05	0.000147142827523333
-4.08024121326818e-05	0.000258169154898187
2.49192364540274e-05	0.000108683997264677
2.82473953735133e-05	8.8359476962477e-05
6.02215707932135e-05	4.10664465887139e-05
-0.000125905922146643	0.000337037624287822
5.67466729094558e-05	7.07425313014383e-05
-4.45097739550623e-05	0.000217048951080899
-0.000108097890957036	0.000277642973671516
7.59311665466399e-05	8.84437271821009e-05
6.18878229325768e-05	4.20108412831276e-05
4.21485202677165e-05	8.63518002333042e-05
-0.000175000791766517	0.000229462691797605
5.49428305850111e-05	5.65781824714005e-05
-9.11156815134307e-05	0.000272566009609957
4.94551092502828e-05	8.61189382661707e-05
6.89580838827349e-05	4.24583542283636e-05
-9.00751150916832e-05	0.000259821894741714
-2.47611875342329e-05	0.000133036539743857
-0.000115060318471114	0.000270386001213803
-6.92322529918675e-05	0.000239300476872801
4.83893620629521e-05	5.88703502372746e-05
7.37206214747574e-05	3.83399918613139e-05
6.8052128685889e-05	0.000200436489608387
5.37392997207162e-05	1.75419948133934e-05
4.77789022425219e-05	5.7837087080457e-05
1.15388694960599e-05	0.000116265123182715
-9.82457808270724e-05	0.000315130452277602
-0.00012439333288938	0.000276337275872669
6.86988790253013e-05	4.09543995872572e-05
-7.90971704231775e-05	0.000253398509389532
2.32289162012262e-05	6.80449030644154e-05
2.7157916395554e-05	4.78576201165348e-05
4.21045014948945e-05	4.12046890505306e-05
-7.46305164589751e-05	0.00028187021705404
5.14478991232225e-05	6.69487145155624e-05
-3.8685125703991e-05	0.000317909608304422
4.58143739762203e-05	5.34266402092032e-05
7.17755926858464e-05	3.92145133373533e-05
-3.51105743939094e-05	0.000230494152547051
-5.21187558550745e-05	0.000157004749280822
-0.000141634748005907	0.000241041588251704
-2.01543527255499e-05	0.000207394281173009
3.82342364065469e-05	7.40894908565719e-05
3.59953335213196e-05	4.87720565706221e-05
7.63056276454253e-05	9.75479377284068e-05
5.0779216832896e-05	3.1280758811305e-05
5.09732217749091e-05	3.60367333280831e-05
1.37332011290908e-05	0.00010695421986695
-5.82383131450446e-05	0.000301380537251187
-1.09688134986855e-05	0.000186935808783962
5.00944232816765e-05	3.96036826747408e-05
-0.000143940843600778	0.00029565521888558
4.15659357059293e-05	5.79336267721625e-05
2.50742633886843e-05	7.65229235663348e-05
3.3613143300795e-05	0.000121363106882312
-9.90818524653878e-05	0.000246237094907732
4.68571359938883e-05	8.16087223648389e-05
-8.8900173617618e-05	0.000244988292166248
4.94555267083186e-05	6.54088757588656e-05
7.34548611410458e-05	0.000138031994737499
5.54624861585133e-05	7.32802108006428e-05
8.81134173859987e-05	4.75810401210533e-05
6.38954411210837e-05	5.47962448197476e-05
-8.89297777099198e-06	0.000193962076537898
5.08989620581385e-05	7.7570178683022e-05
4.1762120725086e-05	4.61015197901349e-05
-4.2154386440913e-05	0.000247156069757306
-5.97347153355183e-05	0.000235960569821499
-0.00014714295044711	0.000352186044365486
5.85342339361465e-05	6.63203556749448e-05
6.7228484886721e-05	4.27788654879664e-05
4.27203830255728e-05	8.8138615851826e-05
-1.44837914680854e-05	0.000148858008778523
-0.000121327722259075	0.000299368397032981
2.06497368637071e-07	0.000153653712556308
-1.36488891854573e-05	0.000212844166846583
8.32795073267222e-05	3.04992697243626e-05
5.98992914614822e-05	0.000153257553750775
3.37170482028278e-05	0.000253491414117885
-4.2330825259857e-05	0.000253079884130092
-0.000131423846645998	0.000182605058435434
-7.44261907333834e-06	6.29345749401422e-05
-5.72286363489367e-05	0.000208173178723157
-4.77920282962771e-05	0.000172334371880355
-7.42999970933638e-05	0.000243018307075882
-9.25618705247397e-05	0.000328698848153405
3.58219666247649e-06	0.000119738913838639
5.47761644213662e-05	6.97299219572729e-05
-2.90466159711264e-05	0.00017529472355538
3.06893878177751e-06	0.000233203959289865
-9.96231123078097e-05	0.000173577764432205
5.54144055819882e-05	0.000119521505079052
-5.39658981157267e-05	0.000189697280637454
7.36957528614149e-05	8.27092063237783e-05
4.41577085049019e-05	7.27604792069473e-05
-0.000104245456798989	0.000329304695486748
-2.03193158851867e-07	0.00011174654043905
-0.000107340831774518	0.0002137349031329
-1.07464579912163e-05	0.000155919519775121
5.81027741844606e-05	6.1728543142341e-05
1.78476148882097e-05	9.63082788187349e-05
9.30570223302505e-05	8.55368434993434e-05
3.25721138249218e-05	7.41009596376834e-05
7.02010546016918e-05	7.99726900376566e-05
6.23238226714528e-05	6.88053460027492e-05
2.23480037507671e-06	0.000100189263806256
-0.000125109524864697	0.000287111153257576
5.01027561655114e-05	9.93233768746191e-05
-6.82846806817671e-06	6.69989968610124e-05
7.63278238180669e-05	4.65672761287966e-05
-2.41316866816096e-05	0.000169862091157458
5.12661182323894e-05	4.87027997837367e-05
-6.75023435169388e-05	0.000167965488823889
3.26852039314462e-05	4.86796924516688e-05
-5.0403330222106e-05	0.000289355335896154
8.06478617363592e-05	6.89714698807614e-05
7.30337366192557e-05	7.69864770584329e-05
5.89938765615589e-05	7.65105436890698e-05
-0.000122697594144277	0.000237504626820402
-5.89449664029151e-05	0.000139435742036421
-1.60910901454529e-05	0.000102827633216241
2.40362769078613e-05	2.49835098948193e-05
-2.26350900397977e-06	0.000211207231083644
7.14101102367772e-05	1.00672100403434e-05
5.84023624441107e-05	7.79299788520289e-05
2.17192041500451e-05	0.000125042808269155
3.9480728552548e-05	7.51311623214147e-05
4.51613265555508e-05	4.51178658095908e-05
5.16913882474118e-05	4.14966890723568e-06
-0.000100576837024644	0.000250229576580781
3.79776178329929e-05	7.78969399052936e-05
5.42655264330059e-05	3.10105413425724e-05
1.02492291833908e-05	0.000223112537291174
7.98983364313473e-05	3.63826471248197e-05
-0.000133558963928602	0.000327556380656108
-8.92909052545264e-06	0.000128447173712285
6.81678179593456e-05	7.33613494562349e-05
-0.000131855150541057	0.000331404504741716
2.79561265236237e-05	0.000137186816280148
6.76378278586921e-05	0.000123012765873924
2.10084219123454e-05	7.39145994973623e-05
4.71710641980071e-05	5.48528554059328e-05
-0.000162325625121055	0.000225181332924732
-4.81477195922605e-05	0.00010814506384038
-0.000164687894278282	0.000231608331456715
-6.15352314161041e-05	0.00024557659880246
-0.000146915321288523	0.000333509586723321
-2.79202024848013e-05	0.000141103545135426
-7.33631559566911e-05	0.000195092223735503
-6.26780061033073e-05	0.000315744199835011
3.15869119520681e-05	0.000113567639035808
3.18280392539633e-05	7.02192988667551e-05
5.5239294068843e-05	7.12710066929943e-05
-1.31724406353834e-05	0.000206066032232039
-0.000177008271569367	0.000263923207376299
-5.32110833764425e-05	0.000296940344047603
7.19430621181097e-05	1.98373369653525e-05
5.56640025520752e-05	3.85621479885664e-05
6.04437758203448e-05	2.50796519943222e-05
-1.77015350761779e-05	0.00023954809027738
4.91116716143903e-05	9.17074563836584e-05
6.34273909538551e-06	7.49392981121377e-05
5.44964868335931e-05	7.22436641658508e-05
-0.000129411196520754	0.00024690837376466
3.53520906479763e-05	9.64961637762528e-05
-1.89002827565446e-05	0.000257231387869553
8.69611842261797e-05	2.6279290945864e-05
7.13788135082376e-05	2.82443856073315e-05
6.03738401421369e-05	5.22798131825642e-05
8.73024341047402e-05	5.69343333328711e-05
4.40497388798482e-05	6.21479749930408e-05
-6.02956301235451e-05	0.000213606997685716
-0.000129998082083483	0.000213635561866672
5.34170038772907e-05	8.33350506718476e-05
5.93094343057703e-05	0.000233979836195312
5.4591078870331e-05	2.93483991640053e-05
1.2601027240651e-05	0.000300173401820721
-1.83016147426726e-05	0.000236337536352753
-2.89985460663746e-05	0.000251313750505463
-0.000154723904736162	0.000155006031562413
7.02817019185058e-05	5.8067342118915e-05
-0.000102615613225944	0.000111085073015751
1.46831403273185e-05	6.6653445695297e-05
3.85909820441599e-05	7.84889449729976e-05
-0.000143073107414366	0.000251495634752756
-2.21467954033979e-05	0.000210391017409407
7.98824618204975e-06	0.000232748545006906
7.78113093959505e-05	6.42847074968544e-05
-0.000117865626486864	0.000225230528043599
4.69996267250298e-05	7.92911094153387e-05
3.9275590974897e-05	7.52084729802815e-05
4.0670930249064e-05	6.09855290474563e-05
6.38376124377687e-05	6.00584748360153e-05
4.36555605512857e-05	5.73495791404852e-05
1.13310853225789e-05	6.82923392659627e-05
4.38803936665911e-05	6.80605025570267e-05
6.06191188950708e-05	6.83559680893471e-05
2.46389300346607e-05	5.41217268595312e-05
-2.4721410468406e-05	6.54594320028619e-05
2.69621502502885e-05	0.000305865747545462
-9.91965820076962e-05	0.000277609553390312
6.01719476403345e-05	4.91844438085916e-05
-0.000152281493607928	0.000230658633013218
-4.82887837391213e-05	0.000220103467587977
-6.45431582649712e-05	0.000269732906182424
4.6979214249737e-05	8.26731529493699e-05
-2.89643648332468e-05	0.00021572138239067
-0.00010974912987929	0.000348742396326503
4.31558940805443e-05	3.7419102884831e-05
4.04053134929335e-05	5.32777271542609e-05
-3.19448600353041e-05	0.000228678476510948
-0.000234262485249831	0.000229108587520834
-6.50671590165871e-05	0.00029594699826463
6.5567848354992e-05	2.64009112722589e-05
5.57198387730659e-05	4.40006309020799e-05
7.18077998543174e-05	3.79110687098045e-05
-0.00011650078827289	0.000237985944172925
-0.000112390954268063	0.000228416239599796
4.25786188888385e-05	9.0523201771675e-05
4.56620783775479e-05	7.74791864492572e-05
-2.76555729187914e-05	0.000237106828190193
-2.09028580439788e-05	0.000200946432835404
0.000105097593451524	2.74183966149681e-05
-9.41914367169878e-05	0.00025200051366685
-2.45334784910321e-05	0.000124434334611006
-0.000106753734654285	0.000363511542125669
6.14091382632831e-05	8.6336590046709e-05
-0.000160618890327524	0.000274774914537756
-4.11395488605997e-05	0.000145598880166223
5.68025847194164e-05	2.44789025111791e-05
5.75492303141384e-05	3.96502126804044e-05
-1.29081392144621e-05	0.000111958151753385
1.17193232355608e-06	0.000108286425494793
-5.14263639729372e-05	0.000129135731441514
-4.7520169419846e-05	0.000290564324462345
5.23141567062809e-05	7.35253302200655e-05
6.21228765908559e-05	5.79128040442225e-05
5.94250360357814e-05	4.69902536056349e-05
-3.88653349471967e-05	0.000181567611045609
3.47636559898269e-05	6.73303874396893e-05
6.32695409432259e-05	7.62750941546396e-05
7.00466896095895e-05	8.35427927364728e-05
5.16128424398286e-05	6.59735016595692e-05
1.93323715795015e-05	0.000251930405183386
1.5932605862088e-05	9.73754032992698e-05
4.97364814518991e-05	6.04597009845666e-05
-4.16027597813027e-05	0.000180963779396345
2.74844049284566e-05	2.65273218834622e-05
6.41776368821669e-05	3.32493970361758e-05
7.06364497988627e-05	5.94841324252188e-05
-7.3460112629489e-05	0.00023258157661464
-6.22039928329458e-05	0.000108234769559741
3.61701924097546e-05	6.42876951717403e-05
1.09784471142369e-06	0.000194441893006306
3.85749167202175e-05	0.000316131180832642
4.8090561260478e-05	3.82237162499536e-05
5.72995386313422e-06	0.000222840923276021
6.81561631628491e-05	5.63196424346734e-05
5.12526255507001e-05	1.95333154610985e-05
-3.31914951212523e-06	8.1796103605275e-05
-0.000101403300687794	0.000241660103950632
-0.000124081270007041	0.000221146017330165
4.27461119607181e-05	2.88504587531629e-05
-0.000136837884139925	0.000274901720771137
4.73878665439001e-05	6.75137147177023e-05
3.22410197249454e-05	7.6712085173958e-05
8.22710218133071e-06	9.42714640123141e-05
-0.000189292726748741	0.000235656820135999
3.67214719054303e-05	6.94967034016241e-05
-0.000106927000920396	0.000297650822103591
5.97979989311879e-05	6.46991025420286e-05
5.67067270863109e-05	6.01417870970803e-05
-0.000121122282828511	0.000242344965845002
-9.13373296249119e-05	0.000208834734847819
-7.41074654546082e-05	0.000213465983843761
-2.23672997745457e-05	0.000138412313158208
7.53624782216078e-05	5.99087101465887e-05
-1.71583153338278e-05	0.000288485818604621
9.4756246573161e-05	5.7905411419362e-06
5.36151914840898e-05	7.78657858843197e-05
-3.42063283092158e-05	0.000137559273763847
1.36810559006396e-05	8.244079550828e-05
6.84446695858021e-05	8.25975096954061e-05
-1.11190271150901e-05	0.00026098007498515
1.19667002633722e-05	8.40911822897202e-05
3.86446320896728e-05	6.17904269302298e-05
6.48755144019304e-05	5.60631593918745e-05
-1.19462094348248e-05	0.000111437857015725
4.27762659532553e-05	4.01531758732667e-05
-0.000136105364266841	0.000219850458025691
4.38138177240077e-05	0.000102814147160422
-0.000124909759103192	0.000319540549864525
7.2814131085196e-05	5.89946202718997e-05
3.69515782092892e-05	4.86474864250383e-05
1.4035374718349e-05	0.000162429455743218
-0.000172492165095659	0.000234466812872336
-4.36676078826466e-05	0.000121747325255498
3.8274402031476e-05	4.25515871918574e-05
5.96864152144354e-05	7.62892565143048e-05
3.13530756245771e-05	0.00012724716987544
4.29126267659627e-05	3.57494370144093e-05
2.62744260617041e-05	6.29936205668395e-05
7.08287525691461e-05	6.11435331931396e-05
3.35778629279795e-05	5.26479323010875e-05
4.58448503515204e-05	9.99436211653025e-05
-8.44879094251782e-05	0.000304143447520919
8.05680908391966e-05	6.61873232539791e-05
-7.13024264610504e-05	0.000269951300470466
4.09204021389835e-05	8.27395804872802e-05
2.80561486059876e-05	3.59032750382534e-05
4.27083622100652e-05	7.85116373154999e-05
-0.000100044376934302	0.000278196987566334
5.46744288725468e-05	7.73883195059158e-05
-0.000124530777431254	0.000313627527242929
5.32458297325278e-05	7.44138944480427e-05
-8.90837648285543e-05	0.000236521912028179
5.48148918722481e-05	3.98617585764424e-05
5.18569703416806e-05	8.09891149650049e-05
7.73307285673872e-05	3.34865334449014e-05
7.03267873610873e-05	4.19182253817381e-05
2.3688322123119e-05	6.81365722084732e-05
3.20216650104686e-05	8.67765743283909e-05
-6.12403349895294e-05	0.000243402223360346
-0.000171994498727948	0.000231566688602271
-0.000171786252757572	0.000345495870648494
6.82229727776552e-05	5.33557654368868e-05
8.59648528162404e-05	4.22347043152144e-05
5.43908718905686e-05	3.17771365927329e-05
1.59584813575531e-05	9.12032671913448e-05
-0.000115842064062619	0.000206951541698798
-1.78307317226835e-06	0.000161397763525215
-4.32146369396334e-05	0.000263456001579827
6.75810167281697e-05	3.074671220641e-05
-1.74326992642484e-06	0.000310775984307894
3.77380187116585e-05	7.12432791799319e-05
4.55728663361235e-05	5.37504540931883e-05
-3.60890999070776e-05	0.000130823528059263
-0.00010096439054981	0.000257589795373749
-9.27768245929042e-05	0.000181042241837039
7.3751852741628e-06	0.00026881960281188
-3.99169966663601e-05	0.00013256799794875
2.24822725289782e-05	5.80040112388076e-05
-0.00019128620813083	0.00027251277830773
4.84739898239353e-05	6.62255227273667e-05
4.25396026983912e-05	8.47832090323598e-05
-3.08187500578874e-05	0.00015268727967202
-0.000136437293275285	0.000269771568826812
-0.000114379070161622	0.000272835236265061
5.37848120712158e-05	5.02217348518273e-05
6.01070266525681e-05	4.9707225474598e-05
4.47362298650257e-05	5.94083745609414e-05
-0.000155204161079712	0.000214370925009023
-6.26872369627942e-05	0.000228853604118675
3.96455275526549e-05	7.6419625530864e-05
5.18412067240382e-05	5.67450333597835e-05
-8.05398750019316e-05	0.000185997963083562
-6.45142158265513e-06	0.00012701043821442
2.4031686008809e-05	0.000141635003155383
9.60589066102945e-06	9.72344712263102e-05
1.46408440741911e-06	0.000297639594336883
-6.23494297708664e-05	0.000203459015880412
-6.36810401650795e-05	0.000245750463353016
-8.79049811591914e-05	0.000183808086957728
1.75626622070466e-05	9.86551265137292e-05
-0.000124197219184219	0.000236888034218519
6.40148758785242e-05	4.76683904711854e-05
5.22616289601186e-05	5.69417446066905e-05
-4.83304694195922e-05	0.00018690665993135
-0.00016051600282218	0.000262597509334566
-7.1212027217755e-05	0.000325758343809884
5.40767080755322e-05	5.07617615784598e-05
5.2203922413765e-05	7.15831528548733e-05
5.12981231710055e-05	6.49541077356681e-05
-0.000124324428128384	0.000239890562384458
-0.000125134225811715	0.000202243060414771
1.05383888142091e-05	8.01839274185716e-05
1.79758464770913e-05	5.49636782223282e-05
-7.77359537683248e-05	0.000159361015272059
6.13010439452396e-05	0.000176996222084803
1.13266151508744e-05	0.000214576476220087
8.14079740969741e-05	2.96866330209505e-05
-4.63433205495254e-05	0.000244515042303081
-5.79725663663088e-05	0.000197396514140944
-0.000101273095887344	0.000265858967315921
-3.68221683275475e-06	0.000114083321598149
2.36420764893488e-05	0.000151819599017321
-0.000157313192414635	0.000315266567025521
5.94310836021934e-05	6.07564975879512e-05
3.16716356505084e-05	9.60961378250915e-05
-0.000141680056883799	0.000207626549854073
-0.000138025958691839	0.000268579768308509
-6.00660472414593e-05	0.00024789773343419
4.67034971960385e-05	6.34829273229023e-05
4.126337680351e-05	7.29949218960183e-05
6.57857853328322e-05	5.52273966818833e-05
6.38835839753309e-05	5.45346114709565e-05
4.13147652536532e-05	7.81779522514932e-05
-3.14475314727557e-06	0.00010310728776188
-0.00018447237124035	0.000295103542529369
-0.000106061561433501	0.000207204429335713
6.49678718308163e-05	3.15134383704575e-05
3.74461774669203e-05	5.60547349248151e-05
2.70127335238282e-05	7.99007584275923e-05
5.98813174494616e-05	4.75754918276301e-05
-9.93484515940824e-05	0.000163036059845571
3.95214962707059e-05	8.07163567485702e-05
4.23339165974268e-05	5.23643490711836e-05
5.61861326630713e-05	5.75081085634418e-05
6.43202683540102e-05	0.000150012775448027
2.55167825480037e-05	0.000220374322610635
-6.18875636762646e-05	0.000283640739215637
-8.48487370887198e-05	0.000194999645814483
6.71419137123477e-05	8.20403607153641e-05
1.95419304261397e-05	5.94930554979032e-05
5.06235517091107e-06	0.000219421405771767
4.1694817880867e-05	0.000130682210059057
-0.000106180742923804	0.000270796289154902
5.07704744597419e-05	7.19961311675432e-05
3.25992404928858e-05	6.39005880802276e-05
-8.89119149005854e-05	0.000238517332326406
-0.000118581450044092	0.000237158177645827
7.6723297148678e-05	5.30768090998155e-05
5.69991309952659e-05	6.50777042744664e-05
3.06370239908451e-05	7.37279160691434e-05
3.5246353807273e-05	7.40934728367351e-05
5.4578090539141e-05	6.09076425617355e-05
-9.2339489574842e-05	0.000268118225329431
6.00619841299873e-05	7.58346816711172e-05
-0.000207161343635477	0.000231907950639268
-0.000238557402763882	0.000219790115516643
-0.000180077500995949	0.000346657458505859
6.87787332363202e-05	4.81863537319564e-05
-5.02957976918454e-05	0.000156668603778103
4.01557850285223e-05	0.000387936691949678
4.19529933464072e-05	0.000122112628335656
-0.000172543620241723	0.000166429914382078
-0.000162082592721734	0.000160545339773992
-2.30754086073085e-05	0.000117165748880403
-6.89378308424888e-05	0.000106702293334338
-2.94259143408847e-05	0.000136169364602553
-5.0881856432135e-05	0.000130148366892643
-1.35234597506283e-05	0.000152100535074799
6.09924485123756e-07	0.000136117976405589
-2.3539550706558e-05	0.000105776809159416
-1.62482232835397e-05	0.000131269230893366
-4.11063849146544e-05	0.000112751973334323
-6.89914500659884e-06	8.65030279748224e-05
6.41350216712093e-05	3.97878615206384e-05
5.72406103627898e-05	7.74198137515154e-05
8.14545154749439e-05	6.49209582050666e-05
6.26787771064476e-05	5.71110216581119e-05
5.69227721418363e-05	8.67063254534104e-05
6.00053955991679e-05	5.44885314261893e-05
6.42360937482261e-05	3.68920055273416e-05
7.69081957304143e-05	5.73044846507533e-05
7.412908627732e-05	3.36231618508848e-05
7.78716134780553e-05	4.11567863777884e-05
7.91489579196858e-05	1.29523783350095e-05
7.63226357817494e-05	3.6449129227747e-05
8.9838012822675e-05	4.82386369242894e-05
9.91549948642053e-05	2.62277181775953e-05
6.6455762049278e-05	1.42954637687491e-05
8.95922183094583e-05	2.19826973883716e-05
7.53147292950247e-05	4.65853429609181e-05
8.40350057872521e-05	5.54914133893911e-05
6.20307386196202e-05	5.5691794642347e-05
3.73505122698812e-05	2.46973446676778e-05
7.77344004276905e-05	4.37957925366102e-05
5.45706741238101e-05	6.3793781107333e-05
6.15223168146793e-05	3.37546199456365e-05
9.57758746028674e-05	4.59976816754962e-05
4.96463646854444e-05	4.2016500655222e-05
4.83036131819942e-05	4.05502677726936e-05
9.5112490401241e-05	6.45112263519661e-05
6.23572368006965e-05	5.17951084860322e-05
4.37185093798591e-05	3.69234129320567e-05
5.42049188524109e-05	6.931428598699e-05
6.69312800602787e-05	7.03014617475105e-05
2.84963337665501e-05	6.24835504895742e-05
5.33234373700442e-05	7.53354015502134e-05
4.1447298019315e-05	2.41360957257638e-05
6.2992670666007e-05	5.49373797670452e-05
5.82493657989704e-05	5.00687417640726e-05
4.08791938876374e-05	5.89778792082662e-05
4.59749831728192e-05	4.20133013423827e-05
5.21499639391823e-05	7.37459264253743e-05
5.19714333770408e-05	0.000130097016229443
7.31947042844634e-05	7.91746327639476e-05
-6.21643961847765e-05	0.000232164421122895
-2.78026198662381e-05	0.000173967522440329
8.58850113857331e-06	0.000175867761638525
-8.69078747713442e-05	0.000200569417499165
-0.000180339731988914	0.000254586597092781
0.000127613051331282	3.87669302750191e-05
-0.00014347072909098	0.000266561437576994
6.07437064518781e-05	0.000138244683650292
-8.83958626410127e-05	0.000282182011220238
4.84537699125845e-05	8.09360589085962e-05
-0.000133747834384487	0.000224178534975497
6.25433625305754e-05	8.87203290012163e-05
4.89786019382206e-05	0.000182556487109846
-1.66272013904577e-05	0.000145826045065508
1.54748428149949e-05	0.000125881099814485
-6.36575482930393e-05	0.000184148928672742
-0.000202401542548678	0.00026201819810592
4.20420581286152e-05	0.000123601603128236
-4.99006102719962e-05	0.000197552269691463
1.99498578187133e-05	0.000265773383489331
-2.52730090548181e-05	0.000227463564968865
-0.000164998427929556	0.000324556273604683
4.10153578848167e-05	9.65799225446686e-05
2.27555329573843e-05	0.000314584243440111
-0.0001296179081171	0.000200492203107043
-4.60680058342359e-06	0.000213111626611922
-4.13578884147836e-05	0.000213473731491491
5.79885808008209e-05	4.10815179355585e-05
1.19533431930324e-05	8.77177309591535e-05
-4.39754492975463e-05	0.000210707866741369
6.68891471451575e-05	2.3957625484708e-05
-0.000165134008334933	0.000254086763599044
-2.65126486729589e-05	0.00017744942417049
-0.000105523299933471	0.000238572251989972
6.60615383683484e-05	3.83899428403114e-05
-8.72586729554243e-05	0.00038083468670676
-8.42021282791839e-06	9.63490304622515e-05
9.13846555217381e-05	9.37323868598135e-05
-0.000193697671795574	0.000240822543792802
-3.99361325229488e-05	9.28664568624521e-05
-2.90889455919963e-05	0.000163786205438121
-9.35867243573592e-05	0.000321298371132769
-0.000102574184416418	0.000312352939469218
6.30186329860553e-05	5.35834537376418e-05
-0.000169302016176003	0.00030634463511716
-6.93641597138139e-05	0.000265667872755302
-5.32048873002441e-05	0.000305457722585093
-0.000141864770164932	0.000324613739166427
1.97273661625674e-05	0.000100602256864798
-4.9248691106518e-06	9.54043953803724e-05
8.61153976213994e-05	3.34191639939594e-05
-3.18814213640013e-05	0.000295277592516567
-0.000168884391699506	0.000257667463888329
-8.2232331624305e-05	0.000388980587672355
-4.35369410209255e-05	0.000388142941068142
-4.55758329495334e-05	0.000307775567507379
4.38653535054005e-05	5.83007002773982e-05
-9.99543870429855e-05	0.000316658290440293
5.49882712241014e-05	0.000105121843589122
-9.74334074990528e-05	0.000207455746043901
-0.00016412269780364	0.000286742520450701
-6.95091665933205e-05	0.000205706245633858
-4.61076725694386e-05	0.000255559134870851
-1.19277383484082e-05	4.34123455748694e-05
2.11518594374732e-05	0.000142366178601245
3.22122913067373e-05	8.30040804208863e-05
-0.00012055926386705	0.000176728027122362
-0.000181748643071013	0.00024355699907306
2.19349128643172e-05	7.1026736291203e-05
-1.91099125472256e-05	0.000267779779511302
-0.000205812598495192	0.000314711435800322
-6.20343086286557e-05	0.000171214573269607
1.55765425783247e-05	6.90440020661732e-05
6.10308104092806e-06	6.8446823313206e-05
-0.000242643876776284	0.000234560820488661
5.19279339228e-05	6.34800092844764e-05
-2.66946829481071e-05	0.000296848938007023
8.37314906246841e-05	5.81432424627488e-05
-0.000101564418995341	0.000329986940760669
-3.44175658522379e-05	0.000233767071055878
-7.03052674209085e-05	0.000290337807539684
5.12367451133704e-05	0.000134407028133637
-0.000132403415549686	0.000297657916118678
-5.32585737048111e-06	0.000170379377865337
-5.61973736798913e-05	0.000310094516247009
2.35406890834144e-06	0.000102537328828456
-9.84181645263483e-05	0.000296770129474539
6.12310244853605e-05	2.62664696700363e-05
-0.000206416796354549	0.00015721138182744
2.14640647129166e-05	0.000108797028339338
-7.57026536656905e-05	0.000288433079100119
-9.22302742413437e-05	0.000292416113183615
-0.000185513790774204	0.000313095668705892
2.67267985299225e-05	0.000102959271540961
-7.98300688071171e-05	0.000211602124561392
-9.827503888872e-05	0.000315878602005482
2.75566180767034e-05	0.000117043410328411
-0.000108610466433768	0.000363524601503941
-0.000118657900714599	0.000265222507679087
-8.76887733696408e-05	0.000284993273490244
6.337155440281e-05	4.11141701394938e-05
6.68540638257517e-05	4.73392463024826e-05
-0.000122708370305815	0.000295210704234108
-0.000135110634494505	0.000259165330474633
5.93856851371353e-05	8.16499015633755e-05
5.78754058478606e-05	5.45436292219959e-05
-6.75651262495615e-05	0.000368251752014324
4.54356783101401e-05	5.66342361320601e-06
-7.87803975699139e-05	0.000286574810960171
9.98832744342104e-06	6.89827462834724e-05
5.45530380105174e-05	4.31739229142651e-05
2.3585242822264e-05	0.000160899843099922
-0.000166859127598912	0.000321519170897599
-6.90086683800688e-05	0.000132251360067511
-3.75229619919941e-05	0.000144409357851039
0.000103210567952966	2.81610840886249e-05
2.64300543248743e-05	7.75579583806379e-05
-7.11457299570676e-05	0.000418478253740285
-6.26258178691717e-05	0.000311451966809128
3.88766042521912e-05	5.113983789127e-05
-0.000155583117308316	0.000256283835732316
5.75937093508312e-05	7.0796185113311e-05
-0.00010843484440918	0.000319940105427949
7.40475609799928e-05	7.03778124033434e-05
-7.50500967773769e-05	0.000176271324626696
3.66071413453155e-05	9.62217592841027e-05
1.89243779895145e-05	6.32005247397946e-05
5.41233832601782e-05	5.24640618711792e-05
1.14798527068528e-05	6.10179610333031e-05
3.76066449658142e-05	2.9095435540247e-05
7.44327682969139e-05	7.63173402919753e-05
4.85723318155941e-05	6.36910231041096e-05
5.644277936646e-05	0.000125886127022459
-2.91436331752176e-05	0.00016227036759492
6.95129267141888e-05	9.26559156289757e-05
-2.04630353399769e-05	4.40463243591087e-05
4.13091468748892e-05	6.08821569624841e-05
3.39578743115156e-05	0.0001369330414118
-0.000147304974944584	0.000323276048371864
-0.000146604293268472	0.000332199011846529
6.18860720684722e-05	0.000116836161333702
-1.38911454850746e-05	0.000330612142398564
7.20944406148358e-05	0.00010885600065343
-6.92395933750937e-05	0.000297746352218404
-9.07039938773029e-05	0.00034089635104809
4.57917038360165e-05	7.65220100661992e-05
5.54942931771616e-05	7.50739796345718e-05
-4.83435978987556e-05	0.000199425190309982
2.14222498514041e-05	9.640667730952e-05
7.66851495482427e-05	6.45886050874473e-05
-4.91027591936375e-05	0.000244664119319424
5.5073091802142e-05	7.85931337837036e-05
1.02207438814942e-05	0.000176489110733753
4.24558629911319e-05	5.3868186082159e-05
-0.00014780197893173	0.000249528019845286
2.56848546531192e-05	6.06846813116064e-05
3.05355909222235e-05	9.08201302385355e-05
-6.45144598073231e-05	0.000338794405974562
7.4676448574722e-05	6.51902808847844e-05
-9.49593670619263e-05	0.000310707696184625
0.000105122694705429	5.07577944370575e-05
-0.000117545261947666	0.000304480752118626
2.30552160935148e-05	6.69850128163701e-05
1.03157721405359e-05	0.00024075148524596
-0.000101732540581583	0.00020811109734389
-4.68395327038904e-05	0.000109889968031074
-0.000282693092563199	0.000236335424933262
6.80378915226801e-05	1.61549864954499e-05
-7.10553154921694e-05	0.000351535692643435
-0.000127214518835047	0.000300625224170053
-0.000145895553870846	0.000215821537314152
1.48598291172055e-05	0.000258834215038613
-4.68141974395701e-05	0.00035328495950391
1.77882336855823e-05	0.000133066408877237
-2.34379188277943e-05	0.000104673097603564
-0.000135360732912737	0.000222441808168389
1.57694531253761e-05	4.20316852720003e-05
5.90435419729619e-05	6.75826556347905e-05
-0.000205214266279509	0.00025566880797486
3.98026058059254e-05	6.51214460678583e-05
-0.000161966197516947	0.000250038520453184
5.13901400265953e-05	4.07656855039085e-05
4.09640523975411e-05	5.25819726136373e-05
-8.71878946663619e-05	0.00027239420222599
2.97795480143496e-05	7.10054966496161e-05
-5.63080423038829e-05	0.000221385234124842
-0.000193323596456199	0.000293317158603839
-0.000134339561625091	0.000321675195146513
-3.08824652136113e-05	0.000380404023096602
-0.000135616861848696	0.000265972292745398
-8.2424213536163e-05	0.000261522247113669
4.38778344587893e-05	2.04811202679762e-05
8.33987531855944e-05	8.17134953422532e-05
5.62382077710223e-05	8.10994151838962e-05
6.94369734573149e-05	8.05917691095427e-05
9.79993488980781e-06	7.40513889793917e-05
-0.000199811941611903	0.000265543789824927
-0.000119983710011483	0.00016490241677814
-0.000122254685305896	0.000247614948811771
-0.000109781191136671	0.000301549511206702
5.57426891824942e-05	0.000330692468267557
2.22727287459367e-05	0.000117765689364311
6.23469393383843e-05	7.72425605224819e-05
4.2353110163856e-05	3.99231650990592e-05
4.37745370193935e-05	9.23391881784918e-05
-3.80431781068966e-05	9.94538061872664e-05
-0.000160566137445949	0.000162769835990612
-0.00016513659035273	0.000171995557522401
-0.00016787941138128	0.000212587710747905
-2.95626456029833e-05	0.000228365031267376
-0.000187439872315638	0.00019025970164493
-1.05458589011626e-05	0.000158137151179379
3.7985425592023e-06	0.000106791851539127
4.19190171483299e-05	5.61430041055581e-05
5.55503886575338e-05	6.62202109065311e-05
4.75501562123141e-05	5.66008140801704e-05
2.9278931653788e-05	4.90356922527538e-05
2.28002072403098e-05	5.73317136382063e-05
1.50477666577502e-05	7.8633321281585e-05
2.20311610149687e-05	4.67142017586437e-05
4.91480177319803e-05	6.24228418155256e-05
2.59367272666707e-05	7.28793210548655e-05
2.50936578019291e-05	9.47191717193177e-05
1.41683043563348e-05	8.55145142702898e-05
-4.48930705331388e-05	0.000186315792896487
-5.63321559519109e-05	0.000272864094462542
-0.00010945913740628	0.000285662090787194
-0.00017063025637581	0.000230872894422043
-8.08298558150588e-05	0.000160533940707332
1.66892520769762e-05	0.000126102160631226
3.54291952180078e-06	0.000119578296827324
5.06125989971507e-05	6.85168927094216e-05
6.35305825111292e-05	5.67912379820513e-05
7.12708759420148e-05	7.78527159950207e-05
4.8339177850965e-05	8.24301720191747e-05
4.338820822117e-05	8.63011014972309e-05
2.1274968225217e-05	8.2048736808399e-05
3.48735729505406e-05	4.41055148075755e-05
2.8970074173821e-05	8.32634808894297e-05
6.46147701577677e-05	4.89117597197017e-05
5.61629103203793e-05	7.77605667040834e-05
1.1601118758017e-05	6.87512411473474e-05
4.8769567834414e-05	8.05388867400859e-05
5.45552927067834e-05	5.63406876573934e-05
6.93414532720329e-05	4.58508027093075e-05
4.13760012925209e-05	4.78454365748403e-05
3.84224926437224e-05	0.000106518795113924
-6.58584850852537e-05	0.00013837267701441
-0.000107741010666125	0.000218487912947413
-6.90119088696405e-05	0.000178977319607438
-7.13686925240999e-05	0.000165365887866754
-6.49063621611925e-06	9.78277164311671e-05
2.9817288999303e-05	7.17555599425645e-05
6.34196651863271e-05	6.1785379386318e-05
3.3405296838963e-05	8.23882678937769e-05
4.98711090394572e-05	5.33852026760608e-05
3.75360527328819e-05	9.16724938701072e-05
-6.58480323070312e-05	0.000158959773293754
-1.43704007689647e-05	8.28522352493472e-05
-5.94706718193597e-05	0.00019473992916165
-0.000166854078523621	0.000239294387981213
-2.15812145348251e-05	0.000165790279470151
-5.81788320172588e-05	0.000198210031974556
4.18565692133935e-05	7.34779929288876e-05
8.96282198980351e-06	0.000112601697189463
3.67974462845878e-05	9.83780860478659e-05
9.70982119575907e-05	2.26836171812329e-05
-2.27300243501583e-05	0.000265089739731094
3.08894226643253e-06	0.000140593868192139
-2.71235633091025e-05	0.000247196986597269
0.000112307449453017	7.49562753328799e-05
4.93460218097767e-05	0.000198200228715026
-0.000190817049757796	0.000261031254994014
-1.55109696101149e-06	8.38081213334897e-05
8.7317915468911e-06	0.000235742426202317
-4.83702696998566e-05	0.000224760188249798
5.07368428913036e-05	0.00012366040489837
-0.000179417506954069	0.000261145948108479
6.56074964001851e-05	3.39739674167832e-05
-6.61417629080368e-05	0.000195908883114795
4.24091926186203e-05	7.14474393103751e-05
5.14186661708566e-05	9.76259109334208e-05
-0.000166695519563807	0.000300706774532329
-0.000178007681443836	0.000306268700964691
3.71618210500003e-06	0.000185571576074295
-7.48793510843929e-05	0.000378038614910705
-0.000117743854315188	0.000297300340794894
-8.23676949461929e-05	0.000297641513172211
-0.000192893699341401	0.000172555549800495
-3.32134693188721e-05	0.000220023643474381
1.7527682418379e-05	0.000197629773279232
-5.23465905239051e-05	0.000321465455040618
2.17229579666905e-05	0.000159128262104755
-4.24765106667175e-05	0.000337451204275366
6.02472320487949e-05	6.57792988732189e-05
-0.00010699836982504	0.00028259890937049
-1.03636828772422e-05	0.000129348622460577
2.95618285245693e-05	6.30703011981313e-05
5.75507892439211e-05	3.55204635020156e-05
1.37420158294483e-05	0.000164192849870469
3.57405262987414e-05	4.64778267914987e-05
-6.17127656032255e-05	0.000235524581096052
6.70758237826745e-05	9.35098244777847e-05
-6.42362350339756e-05	0.00022872957531547
2.65574804226829e-05	0.000166722719793817
-0.000144346481025833	0.00026267660999468
2.22382736458139e-05	9.97359380448975e-05
-0.000153067384618679	0.000268004080538388
6.43712831998584e-05	1.88853673314674e-05
2.4273202268272e-06	0.00023323949138021
9.69592684665562e-05	5.61480216235711e-05
-4.34513264887498e-05	0.000335953688345995
9.58213490313771e-06	0.000247926186996774
1.11534083497931e-05	7.16969776096271e-05
-0.000131838742454206	0.000211329392116713
-0.000128506071268225	0.000253076038926335
-9.72435345913837e-06	0.000111953640752762
-0.000185910029767805	0.000270138942181449
-4.08079532424064e-06	7.48654095771252e-05
-9.45029970892488e-05	0.000221658281293357
3.17642386879056e-05	0.000123953661548039
-7.12019035595803e-05	0.000390994356608701
-6.55273552751605e-05	0.000329286823199473
-0.000162302318055041	0.000269198254400008
-0.000112646002421968	0.000294997535372261
3.18422101111897e-05	0.000100681410629487
5.36466462690037e-05	7.83381760735513e-05
-0.000139783963213935	0.000197868751981071
6.78228762162864e-05	2.45150966139185e-05
-5.18412105871418e-05	0.000248252404432585
4.30830953711317e-05	8.32859339717976e-05
-0.000151847502079971	0.000338145783988357
3.60941280342085e-05	5.66328674608629e-05
6.06323523958007e-05	7.55056783132055e-05
-0.000103073585325391	0.000286178258319213
5.87241985958056e-05	6.54527148105945e-05
-9.24239097387751e-05	0.000328256177132768
7.27975682788331e-05	8.18993492914104e-05
4.07093864403998e-05	0.000175442749520873
5.03526403983052e-05	0.000186993923514468
-3.78163711300098e-05	0.000312896714774582
6.93750871550207e-05	5.32164581054195e-05
-0.000156169909291772	0.000327561042395645
9.10046270916355e-05	7.54253008816548e-05
6.05913868265116e-05	7.0303667419284e-05
-0.000238786384261107	0.00028430382258935
4.39383158994208e-05	6.26616692038338e-05
3.04917566782168e-05	0.000212858633451992
5.18642476634882e-05	6.52269718882937e-05
3.14355744969643e-05	0.000143727306018666
-4.62345810154803e-06	0.000173968587509535
3.35912546804217e-05	8.95934350073198e-05
-2.26675320346609e-05	0.000146689122743271
2.69365127183877e-05	9.97790295958174e-05
-4.44752993209083e-05	0.00030722950315237
2.76403708213334e-05	0.000206130984920721
-0.00014936580916119	0.000257530900375593
-5.96910170191659e-05	0.000190122399985757
9.29113599625088e-05	8.07362619123395e-05
8.00239659769748e-06	0.000136668164048068
-7.97271343248809e-05	0.000311373126354078
-0.000104819999788785	0.000266133501887538
-0.000108851092290301	0.000281366794208387
1.44052410486879e-06	0.000155208095397396
6.77334454656821e-05	2.46994383832115e-05
9.70055779456739e-05	1.49604222803325e-05
-0.000108470611547685	0.000222972846898657
-0.00010735914676823	0.000299390964449625
-0.000111777710279874	0.000282287259153901
-0.000111439749705949	0.000306106763507489
-1.40765404993808e-05	0.000319407789547173
-6.55624184464328e-05	0.000262418709769364
4.01006072909436e-05	0.000103126027326043
7.33660310338367e-05	4.81188750566815e-05
5.25919536608755e-05	7.09829392204292e-05
-6.45359883750492e-05	0.000188386709902592
3.88571409701083e-05	5.19974876714507e-05
5.61751965295977e-05	8.63402568623806e-05
-7.81628609296539e-05	0.000288257321111793
1.55917823629768e-05	0.000153550372781252
3.38926697651283e-05	9.19560305102044e-05
-0.000148299262436489	0.000209436201219802
-0.000146434165762197	0.000177429460897127
-5.39833505245859e-05	0.000146172196475051
6.26882625526625e-05	-1.45786942264261e-05
2.92077663903617e-05	0.000131446283886553
-1.67079073697255e-05	0.000176418699343516
-5.45904233620796e-05	0.000339236292380147
6.00289403922348e-05	7.38268915449665e-05
3.1136997265991e-05	9.80747385880906e-05
-6.786552438455e-05	0.000353731484374197
3.81974593090506e-05	9.5004219297834e-05
-0.000111014536448296	0.000296711512273462
5.07941213387454e-05	7.13252283360057e-05
4.61248812141832e-05	2.0500628608234e-05
1.71131499818423e-05	0.000190553742060111
-3.58182732184556e-05	0.000264600765193787
7.82065907912837e-06	0.000265337241783062
7.49421444642194e-05	0.000119440605862924
4.66604936044752e-05	8.90936989191113e-05
-0.000130700630388913	0.000311888804858843
4.84321758587729e-05	6.36012642220494e-05
4.12509306921189e-05	0.000125417597487424
7.41330227140643e-05	3.84821938286619e-05
-5.99448885623968e-05	0.000164639769238553
6.78333267320827e-05	3.7730752555529e-05
6.11160864709684e-05	8.20560096800192e-05
-6.26477049652235e-06	5.35354972284119e-05
-9.69363794663499e-05	0.000311961737486532
5.86368500912229e-05	5.02589788289607e-05
-4.60549127782777e-05	0.000227372356361542
5.14956258401377e-05	7.58959442640173e-05
-0.000124342810724587	0.000296484050775575
3.47413850701277e-05	7.2141707342755e-05
2.74794734379358e-05	0.000119232973153628
-4.82794053978613e-05	0.000359704363088884
-5.05397634680745e-05	0.000181630843826046
7.46352121752539e-05	4.82547138932539e-05
-6.0213536611471e-05	0.000290479401074202
2.8366590472264e-05	0.000184315378853553
-6.8474119258769e-05	0.000295992199309258
-5.93494140289359e-05	0.000236900741927325
3.71635556294101e-05	0.000128132548214513
6.2077446568489e-05	0.000145094013791092
-9.84478227972068e-06	0.000256248037788505
6.97541570069707e-05	1.30703458947268e-05
-6.91505667167894e-05	0.00030050284684173
5.46913038105778e-05	0.000137194757470178
5.74424410807906e-05	-6.0284806260027e-06
6.24132945142913e-05	7.63652729154084e-05
3.02258595530356e-05	5.89989718762709e-05
2.47128736241912e-05	0.000121364822946027
-5.30581707702553e-05	0.000336471828600564
0.000110850201857661	6.19659247717689e-05
-0.000106566201487885	0.000284660772841967
0.000102089460548659	2.60212397077735e-05
1.96763560635905e-05	0.000282842774615382
4.52245142395888e-05	0.00011783138309518
-9.16867930766128e-05	0.000210684076976175
-2.02545929815576e-05	0.000248501446065075
-0.000135691066973878	0.000313517764883546
5.26346676383129e-05	5.87790927784175e-05
-4.84310582307848e-05	0.00028232026684311
2.87287121775806e-05	0.000118937045689559
-0.000125401016736922	0.000279916556842775
-1.03682944838675e-05	9.34460239926441e-05
5.46869576123721e-05	5.34995756919678e-05
3.92512586690583e-05	6.78581299999328e-05
-0.000186286062529464	0.000324532179450467
-7.86079936853978e-05	0.000182815099095679
1.64682239022356e-05	0.00020710377131252
6.81450458861429e-06	0.000209618424545533
4.63519684258208e-05	8.28047783305686e-05
2.71209645077969e-05	8.6710844374886e-05
6.75553214691645e-05	0.00013777261241562
4.634319951893e-05	0.000131538453479235
-2.25084573850255e-05	0.000233772706632638
-0.000146854047310694	0.000246943500577384
0.000114469775391284	4.39139180278567e-05
-7.89144412383384e-05	0.000232942198516762
-9.07926720906688e-05	0.000327785914326147
-0.000110815846289646	0.000323328524610488
-3.08548308199701e-05	0.000325489383329348
-1.00962473179284e-05	0.000227391107659372
5.06061214611959e-05	0.000118399000496915
4.37219228614046e-05	0.00010348292781541
-1.47026942355069e-05	0.000120184430912464
-4.76240835935629e-05	0.00029473419652341
-2.22526951997634e-05	0.00028730908342626
2.05052820377353e-05	0.000140252276400205
2.3973202256218e-05	0.000328335361125989
3.58698102342447e-05	5.45722977294519e-05
3.2014801944759e-05	4.91126931020439e-05
-4.59476776342752e-05	0.000248474863134442
7.22341560189033e-05	6.88455205328238e-05
6.29652344781351e-05	8.1674871672979e-05
-0.000203920413027087	0.000239792422571298
-5.01603642147365e-05	0.000242509937347466
5.32497493649836e-05	7.92435467140938e-05
7.95067400497274e-05	3.95183139600489e-05
8.33009475327796e-05	4.96532702052196e-05
-0.000113912331889463	0.000205100839409618
-4.71408050302424e-05	0.000177175322183084
-8.21753588678663e-05	0.000305648152311842
9.12303828041004e-05	6.75705263374211e-05
4.12669917961807e-05	0.000182461064125432
4.45425638063886e-05	5.91215823906492e-05
-2.66480757349274e-05	0.000263094246385475
-2.29961555121519e-05	0.000132972761484381
-0.000149289937348069	0.000237618056153137
-0.000167083243484847	0.000305267891905901
-7.33359716388319e-05	0.000245005834956543
-0.000164967952288405	0.000303794830177936
3.8049011728608e-05	5.59646073359796e-05
5.96457166673014e-05	2.78143538199261e-05
-3.70648556227378e-05	0.00031137549319062
3.88461922365503e-05	5.5114052322755e-05
6.10604787615478e-06	0.000167390256051191
-0.000145334879129165	0.000311322620969808
3.87130726264179e-05	5.99108260965534e-05
5.98320195629055e-05	9.6668486531523e-05
2.11426741827697e-05	0.000112035160078066
-4.00011268654969e-05	0.000314880122759063
1.76153913732671e-05	0.000232040558705435
3.39684073452833e-05	0.000137770938980823
5.36906523815096e-05	8.36979149208281e-05
1.6384414608841e-05	0.000128047038015526
4.07344087620851e-05	0.000318147963959843
-8.06888784676361e-06	0.000268855402380057
5.96821707431721e-05	0.000134296945959639
-4.10987519607031e-05	0.00031395129749748
3.47863040392722e-06	0.000125860733076584
6.522646991195e-05	3.58588443945762e-05
-6.86385924135241e-05	0.000283602109003435
5.36456353771404e-05	4.22661332522566e-05
6.88501664841814e-05	5.69940539072003e-05
-1.76103932388033e-05	0.000229321329703402
-2.75309788843845e-06	0.000140991004429497
8.27439615549985e-05	6.23199054972291e-05
5.51469009070584e-05	2.80324103615626e-05
5.48883286724405e-05	3.05355713757398e-05
-0.000101964671609974	0.000190297948518098
2.55896567740732e-05	8.91246909955778e-05
-7.31534910762646e-05	0.000276468344132194
1.78945866486832e-05	0.000133876934478487
6.01939731934747e-05	0.000102416801511776
5.189302265669e-05	0.000115974065346524
8.61385400604508e-05	1.65395994026972e-05
7.28782198593356e-05	0.000177864113608338
-0.000223715920807167	0.000247951676600677
-5.36068051025071e-05	0.00023901726182782
-7.79482532446919e-05	0.000205427567392767
-0.000128007303684857	0.000292723824579591
4.98892384791008e-05	2.6485774081749e-05
7.15330516817108e-05	5.37235570280083e-05
3.90043018656763e-06	0.000263349580616942
-0.00012264566143021	0.000350296625902996
0.00010026154136813	4.30920289224188e-05
-8.34971274334094e-05	0.000337143486000984
1.48922151365416e-05	9.23654551303918e-05
5.23849952193158e-05	4.69086220727617e-05
1.26435089501757e-05	0.000161053552270643
0.000100366263079344	-7.06868611422009e-06
-0.000119022669759574	0.000189786617177062
5.61791780693494e-05	8.76147161712097e-05
3.54216178946991e-05	4.66059718559993e-05
2.16415354466458e-05	8.15459204195126e-05
7.21349938787925e-05	5.52155452541493e-05
-7.69071978886368e-05	0.000211488622555953
7.11503033717882e-05	4.74626110716107e-05
5.82693124306526e-05	4.86571796284954e-05
3.25630110435253e-05	0.00011414920701457
5.16721980190254e-05	6.74254678865875e-05
2.45314865822132e-05	6.25517513908184e-05
4.57096590906258e-05	9.80252313867292e-05
5.48105359132272e-05	4.50624748492576e-05
2.28763886736387e-05	5.16622311485837e-05
3.42949338788277e-05	4.93691435222343e-05
-6.88492054412199e-05	0.00031943988427804
-2.57595564877913e-05	0.000246771595945426
7.24869209360462e-05	-2.4098288555334e-05
-7.9838073359832e-05	0.000254081306627605
5.79304008302363e-05	0.00013907516210659
1.15465804833697e-05	0.00017720108242761
-0.000115961419280636	0.00035183229026378
1.14596284531249e-05	9.46444270738425e-05
-0.000159600087688141	0.000338253636325052
-3.34365550281115e-05	0.000217985673120835
-7.56096447646928e-05	0.000338689969389729
4.34111680642445e-05	0.000102680226641522
-6.55685038429885e-05	0.000197052075921344
-1.84168770030629e-05	0.000205837340924152
3.19770869661639e-05	5.28660169382725e-05
7.38170215984223e-05	-8.66167265473216e-07
-5.74800342830189e-07	9.3188856402212e-05
-9.26028176422321e-05	0.000143332889085492
1.83393250028678e-05	7.31980094779264e-05
4.14698534448098e-05	0.000172409536363649
7.86468802476314e-06	0.000182518322752887
1.88285414074451e-05	0.00015241596168188
-5.26272092195493e-05	0.00018526404358593
-3.71932695826632e-05	0.000396474258457574
6.54461208519795e-05	8.69095253295474e-05
6.45247685535359e-05	0.000170630860617584
4.0924961743137e-05	8.10847312892049e-05
-1.04904242506862e-05	9.83629502829863e-05
6.91954275697214e-05	2.54030959577725e-05
6.47932010386486e-05	7.8931623231208e-05
3.02083303207779e-05	0.000105619300441435
3.57194520549109e-05	7.02862017708791e-05
3.43521351190104e-05	5.97070791996634e-05
6.09441149123197e-05	4.39118894102461e-05
5.20636683929544e-05	6.81500846776082e-05
2.69531721543425e-05	1.0584084724022e-05
6.03230343005526e-05	4.33979249985585e-05
5.3419095980485e-05	6.31699191029218e-05
4.40360357543236e-05	4.72822047728143e-05
2.54604565687843e-05	7.44084016807146e-05
9.16565524068117e-05	3.5654392732781e-05
4.82214396717098e-05	7.78856707456696e-05
6.65836875687996e-05	5.15817122687131e-05
5.76344233426213e-05	5.94190844437835e-05
2.30852025695736e-05	5.1932826626944e-05
3.32643076949895e-05	3.38821122998642e-05
7.44921400270292e-05	3.22496051501584e-05
4.45691822369464e-05	6.47678399846145e-05
5.88154332715955e-05	7.64973492867796e-05
6.02426824627541e-05	6.00388508453558e-05
4.60675810515243e-05	5.04411059871184e-05
6.90739316105798e-05	4.54320664413877e-05
8.70408544296765e-05	5.2832820766093e-05
5.36639768664562e-05	6.8653177433669e-05
5.6326931625589e-05	6.32298089389438e-05
6.98015221996649e-05	5.56327725772828e-05
6.54538402562454e-05	7.59495872597801e-06
4.72260299193391e-05	5.88559030661868e-05
7.70233691232892e-05	7.60042763734764e-05
5.65992237459066e-05	4.98853921493588e-05
4.61131271415078e-05	4.63806269149504e-05
5.18914581815071e-05	6.91384399666111e-05
7.06606823627883e-05	2.87215828003883e-05
3.38744916557342e-05	6.82929339509339e-05
7.05792550448285e-05	5.85283696223716e-05
3.38591676597771e-05	3.94392218303016e-05
